{"cameraMode":{"drawMode":0,"name":"Shaded","section":"Shading Mode"},"sceneLighting":false,"audioPlay":false,"sceneViewState":{"showFog":true,"showMaterialUpdate":false,"showSkybox":true,"showFlares":true,"showImageEffects":true,"showParticleSystems":true},"in2DMode":false,"pivot":{"x":113.33999633789063,"y":14.260000228881836,"z":106.33000183105469},"rotation":{"x":0.046516820788383487,"y":-0.9517372250556946,"z":0.24200494587421418,"w":0.18293730914592744},"size":2.857898473739624,"orthographic":false}